sample_size,seed,model,spearman
100,0,GPR(LLR only),0.4030075187969925
100,0,GPR(LLR + s_mut PCA 5D),0.48872180451127817
100,0,GPR(LLR + z_pair PCA 5D),0.4451127819548871
100,0,GPR(LLR + z_pair PCA 10D),0.49022556390977434
100,1,GPR(LLR only),0.5789473684210527
100,1,GPR(LLR + s_mut PCA 5D),0.6496240601503759
100,1,GPR(LLR + z_pair PCA 5D),0.6105263157894737
100,1,GPR(LLR + z_pair PCA 10D),0.5804511278195488
100,2,GPR(LLR only),0.6631578947368421
100,2,GPR(LLR + s_mut PCA 5D),0.7428571428571428
100,2,GPR(LLR + z_pair PCA 5D),0.6646616541353383
100,2,GPR(LLR + z_pair PCA 10D),0.2992481203007519
100,3,GPR(LLR only),0.6992481203007518
100,3,GPR(LLR + s_mut PCA 5D),0.4781954887218045
100,3,GPR(LLR + z_pair PCA 5D),0.5924812030075187
100,3,GPR(LLR + z_pair PCA 10D),0.5112781954887218
100,4,GPR(LLR only),0.4827067669172932
100,4,GPR(LLR + s_mut PCA 5D),0.2706766917293233
100,4,GPR(LLR + z_pair PCA 5D),0.4195488721804511
100,4,GPR(LLR + z_pair PCA 10D),0.09323308270676692
100,5,GPR(LLR only),0.6586466165413534
100,5,GPR(LLR + s_mut PCA 5D),0.5789473684210527
100,5,GPR(LLR + z_pair PCA 5D),0.6481203007518795
100,5,GPR(LLR + z_pair PCA 10D),0.7684210526315788
100,6,GPR(LLR only),0.7443609022556391
100,6,GPR(LLR + s_mut PCA 5D),0.6721804511278194
100,6,GPR(LLR + z_pair PCA 5D),0.7533834586466165
100,6,GPR(LLR + z_pair PCA 10D),0.9097744360902256
100,7,GPR(LLR only),0.6436090225563909
100,7,GPR(LLR + s_mut PCA 5D),0.6436090225563909
100,7,GPR(LLR + z_pair PCA 5D),0.7293233082706766
100,7,GPR(LLR + z_pair PCA 10D),0.8421052631578947
100,8,GPR(LLR only),0.5909774436090225
100,8,GPR(LLR + s_mut PCA 5D),0.5413533834586466
100,8,GPR(LLR + z_pair PCA 5D),0.6
100,8,GPR(LLR + z_pair PCA 10D),0.6977443609022556
100,9,GPR(LLR only),0.625563909774436
100,9,GPR(LLR + s_mut PCA 5D),0.6857142857142857
100,9,GPR(LLR + z_pair PCA 5D),0.5984962406015037
100,9,GPR(LLR + z_pair PCA 10D),0.5157894736842105
200,0,GPR(LLR only),0.5651031894934334
200,0,GPR(LLR + s_mut PCA 5D),0.5157598499061915
200,0,GPR(LLR + z_pair PCA 5D),0.49737335834896823
200,0,GPR(LLR + z_pair PCA 10D),0.5457786116322703
200,1,GPR(LLR only),0.5439024390243903
200,1,GPR(LLR + s_mut PCA 5D),0.6365853658536587
200,1,GPR(LLR + z_pair PCA 5D),0.5099437148217637
200,1,GPR(LLR + z_pair PCA 10D),0.5793621013133209
200,2,GPR(LLR only),0.70187617260788
200,2,GPR(LLR + s_mut PCA 5D),0.7110694183864917
200,2,GPR(LLR + z_pair PCA 5D),0.7328330206378987
200,2,GPR(LLR + z_pair PCA 10D),0.7176360225140715
200,3,GPR(LLR only),0.6499061913696061
200,3,GPR(LLR + s_mut PCA 5D),0.6570356472795498
200,3,GPR(LLR + z_pair PCA 5D),0.6431519699812384
200,3,GPR(LLR + z_pair PCA 10D),0.6217636022514073
200,4,GPR(LLR only),0.7180112570356473
200,4,GPR(LLR + s_mut PCA 5D),0.7469043151969983
200,4,GPR(LLR + z_pair PCA 5D),0.7305816135084429
200,4,GPR(LLR + z_pair PCA 10D),0.7568480300187618
200,5,GPR(LLR only),0.7140712945590996
200,5,GPR(LLR + s_mut PCA 5D),0.6407129455909945
200,5,GPR(LLR + z_pair PCA 5D),0.7189493433395873
200,5,GPR(LLR + z_pair PCA 10D),0.6630393996247655
200,6,GPR(LLR only),0.5969981238273923
200,6,GPR(LLR + s_mut PCA 5D),0.5990619136960601
200,6,GPR(LLR + z_pair PCA 5D),0.5990619136960601
200,6,GPR(LLR + z_pair PCA 10D),0.6699812382739213
200,7,GPR(LLR only),0.4116322701688556
200,7,GPR(LLR + s_mut PCA 5D),0.2812382739212008
200,7,GPR(LLR + z_pair PCA 5D),0.3919324577861164
200,7,GPR(LLR + z_pair PCA 10D),0.40938086303939974
200,8,GPR(LLR only),0.7632270168855536
200,8,GPR(LLR + s_mut PCA 5D),0.7410881801125706
200,8,GPR(LLR + z_pair PCA 5D),0.7532833020637899
200,8,GPR(LLR + z_pair PCA 10D),0.7345215759849908
200,9,GPR(LLR only),0.8090056285178236
200,9,GPR(LLR + s_mut PCA 5D),0.7249530956848032
200,9,GPR(LLR + z_pair PCA 5D),0.8302063789868669
200,9,GPR(LLR + z_pair PCA 10D),0.7666041275797374
400,0,GPR(LLR only),0.6425691514299109
400,0,GPR(LLR + s_mut PCA 5D),0.5944913267698079
400,0,GPR(LLR + z_pair PCA 5D),0.6860759493670886
400,0,GPR(LLR + z_pair PCA 10D),0.7340834505391468
400,1,GPR(LLR only),0.553258321612752
400,1,GPR(LLR + s_mut PCA 5D),0.5122831692451946
400,1,GPR(LLR + z_pair PCA 5D),0.49149085794655417
400,1,GPR(LLR + z_pair PCA 10D),0.5241443975621192
400,2,GPR(LLR only),0.6830989217065168
400,2,GPR(LLR + s_mut PCA 5D),0.6714955461790905
400,2,GPR(LLR + z_pair PCA 5D),0.6760431317393344
400,2,GPR(LLR + z_pair PCA 10D),0.7385841537740273
400,3,GPR(LLR only),0.5083450539146742
400,3,GPR(LLR + s_mut PCA 5D),0.5480778246601032
400,3,GPR(LLR + z_pair PCA 5D),0.5041959681200188
400,3,GPR(LLR + z_pair PCA 10D),0.5532114392873887
400,4,GPR(LLR only),0.6557196436943273
400,4,GPR(LLR + s_mut PCA 5D),0.6610407876230662
400,4,GPR(LLR + z_pair PCA 5D),0.6728082512892639
400,4,GPR(LLR + z_pair PCA 10D),0.7546179090482888
400,5,GPR(LLR only),0.58370839193624
400,5,GPR(LLR + s_mut PCA 5D),0.5792780121894047
400,5,GPR(LLR + z_pair PCA 5D),0.5575949367088608
400,5,GPR(LLR + z_pair PCA 10D),0.5587669948429441
400,6,GPR(LLR only),0.5404360056258791
400,6,GPR(LLR + s_mut PCA 5D),0.5660337552742617
400,6,GPR(LLR + z_pair PCA 5D),0.568846694796062
400,6,GPR(LLR + z_pair PCA 10D),0.5886075949367089
400,7,GPR(LLR only),0.6617909048288796
400,7,GPR(LLR + s_mut PCA 5D),0.6315518049695265
400,7,GPR(LLR + z_pair PCA 5D),0.6736286919831224
400,7,GPR(LLR + z_pair PCA 10D),0.7371542428504455
400,8,GPR(LLR only),0.5514533520862636
400,8,GPR(LLR + s_mut PCA 5D),0.5210736052508205
400,8,GPR(LLR + z_pair PCA 5D),0.6093999062353492
400,8,GPR(LLR + z_pair PCA 10D),0.7190576652601969
400,9,GPR(LLR only),0.6454289732770746
400,9,GPR(LLR + s_mut PCA 5D),0.6479137365213314
400,9,GPR(LLR + z_pair PCA 5D),0.6471401781528364
400,9,GPR(LLR + z_pair PCA 10D),0.6900843881856542
800,0,GPR(LLR only),0.63959334348998
800,0,GPR(LLR + s_mut PCA 5D),0.602692487987812
800,0,GPR(LLR + z_pair PCA 5D),0.6751640689089418
800,0,GPR(LLR + z_pair PCA 10D),0.6875073245048635
800,1,GPR(LLR only),0.6791661783663424
800,1,GPR(LLR + s_mut PCA 5D),0.6202830188679245
800,1,GPR(LLR + z_pair PCA 5D),0.6818762451658268
800,1,GPR(LLR + z_pair PCA 10D),0.7207049103480604
800,2,GPR(LLR only),0.6679567561232861
800,2,GPR(LLR + s_mut PCA 5D),0.6510283604828313
800,2,GPR(LLR + z_pair PCA 5D),0.6918844486112739
800,2,GPR(LLR + z_pair PCA 10D),0.7160406656510021
800,3,GPR(LLR only),0.6043507558889019
800,3,GPR(LLR + s_mut PCA 5D),0.6224833001289113
800,3,GPR(LLR + z_pair PCA 5D),0.6325764678307747
800,3,GPR(LLR + z_pair PCA 10D),0.6789376538146021
800,4,GPR(LLR only),0.6099232391890308
800,4,GPR(LLR + s_mut PCA 5D),0.6050128911285597
800,4,GPR(LLR + z_pair PCA 5D),0.6048371030118364
800,4,GPR(LLR + z_pair PCA 10D),0.6790021094574007
800,5,GPR(LLR only),0.6586487753427869
800,5,GPR(LLR + s_mut PCA 5D),0.6479139810148834
800,5,GPR(LLR + z_pair PCA 5D),0.6890894175553732
800,5,GPR(LLR + z_pair PCA 10D),0.7420573069260518
800,6,GPR(LLR only),0.6417819055431853
800,6,GPR(LLR + s_mut PCA 5D),0.6629819524200163
800,6,GPR(LLR + z_pair PCA 5D),0.6620444157974921
800,6,GPR(LLR + z_pair PCA 10D),0.6986786593226298
800,7,GPR(LLR only),0.5969764443923591
800,7,GPR(LLR + s_mut PCA 5D),0.6034425172858314
800,7,GPR(LLR + z_pair PCA 5D),0.6245751787179187
800,7,GPR(LLR + z_pair PCA 10D),0.6707078401500058
800,8,GPR(LLR only),0.5573245048634712
800,8,GPR(LLR + s_mut PCA 5D),0.5407828430798077
800,8,GPR(LLR + z_pair PCA 5D),0.5972078987460447
800,8,GPR(LLR + z_pair PCA 10D),0.6652437595218563
800,9,GPR(LLR only),0.6566652994257588
800,9,GPR(LLR + s_mut PCA 5D),0.6204968944099378
800,9,GPR(LLR + z_pair PCA 5D),0.699252900503926
800,9,GPR(LLR + z_pair PCA 10D),0.7288556193601312
